Website,What is the company's mission statement or core values?,What products or services does the company offer?,"When was the company founded, and who were the founders?",Where is the company's headquarters located?,Who are the key executives or leadership team members?,Has the company received any notable awards or recognitions?
snap,"Snap Inc.'s mission statement: ""We believe the camera presents the greatest opportunity to improve the way people live and communicate. We contribute to human progress by empowering people to express themselves, live in the moment, learn about the world, and have fun together.""

Core values: Grounded in Kindness, being kind, smart, and creative.","Snap Inc. offers a variety of products and services including:

*   **Snapchat:** A visual messaging app.
*   **Spectacles:** AR glasses.
*   **Snap AR:** Augmented reality technology and tools like Lens Studio and Camera Kit for creators and developers.
*   **Bitmoji:** Customizable avatars.
*   **Advertising:** Snapchat Ads for businesses.
*   **Snapchat+:** A premium subscription service.
*   **My AI:** An AI chatbot.","I am sorry, but I cannot answer the question about when the company was founded and who the founders were. This information is not available in the provided documents.","Snap Inc. is located in the United States at 3000 31st Street, Santa Monica, California 90405.","I am sorry, but I am unable to gather the requested information from the provided text.",The provided text does not mention any specific awards or recognitions received by Snap Inc.
shopify,"Operation HOPE's mission is to empower and create wealth for 1 Million Black Businesses (1MBB) by 2030.

Shopify's mission is to provide a commerce platform for everyone from entrepreneurs to enterprises, enabling them to sell online, in person, locally, globally, directly, and wholesale.","Shopify offers an e-commerce platform to create and manage online stores, point of sale systems for in-person sales, and various tools and resources for businesses of all sizes to sell online, in person, locally, and globally, including:

*   Online store builder with customizable themes
*   Payment processing
*   Shipping solutions
*   Marketing tools
*   B2B wholesale features
*   Mobile app for store management
*   Developer tools and APIs
*   Enterprise solutions

Operation HOPE's 1MBB initiative offers:

*   Coaching (1-on-1 and group)
*   Educational workshops and online learning
*   Access to business experts and mentors
*   Work plan strategies
*   Access to capital resources",The provided content doesn't contain information about when Shopify was founded or who the founders were.,"I am sorry, but after reviewing the provided content, I could not find information about where Shopify's headquarters is located.","Based on the provided content, the key executives or leadership team members are not explicitly listed.","Yes, Shopify has been recognized as a leader in B2B Commerce by the 2024 Forrester Wave™ and as a leader in the 2024 IDC B2C Commerce Platforms. They were also recognized as a leader in the Gartner Magic Quadrant for Digital Commerce for two consecutive years."
squareup,"Square's mission is powering businesses the world over, offering a business technology platform serving all kinds of businesses, from solo entrepreneurs to large international chains. Their core values center around innovation, collaboration, and learning for businesses that use Square and for each other, with a focus on global presence, a distributed workforce, and high standards.","Square offers a wide range of products and services, including:

*   **Payments:** Payment processing (in-person, online, remote), buy now, pay later options.
*   **Point of Sale (POS):** POS software and hardware solutions for various business types (retail, restaurants, beauty, etc.).
*   **Online:** Online store setup, website builders, online payments, and e-commerce APIs.
*   **Customers:** CRM, customer directory, loyalty programs, and marketing tools.
*   **Team Management:** Staff scheduling, payroll, team communication, and advanced access controls.
*   **Banking:** Business banking accounts (checking, savings), loans, and instant transfers.
*   **Hardware:** Card readers, terminals, registers, stands, and other POS equipment.
*   **Business Software & Solutions:** Invoicing, appointments, kiosks, and industry-specific solutions.
*   **Developer Platform:** APIs and SDKs for custom integrations.",The provided information states that Square came to life in 2009 with a card reader for mobile devices. The founder(s) are not mentioned in the content.,"Oakland, CA","Unexpected error: 429 You exceeded your current quota, please check your plan and billing details. For more information on this error, head to: https://ai.google.dev/gemini-api/docs/rate-limits. [violations {
}
, links {
  description: ""Learn more about Gemini API quotas""
  url: ""https://ai.google.dev/gemini-api/docs/rate-limits""
}
, retry_delay {
  seconds: 16
}
]","Unexpected error: 429 You exceeded your current quota, please check your plan and billing details. For more information on this error, head to: https://ai.google.dev/gemini-api/docs/rate-limits. [violations {
}
, links {
  description: ""Learn more about Gemini API quotas""
  url: ""https://ai.google.dev/gemini-api/docs/rate-limits""
}
, retry_delay {
  seconds: 15
}
]"
stripe,Stripe's mission is to build financial infrastructure for the internet. They aim to make moving money as easy and programmable as moving data.,"Unexpected error: 429 You exceeded your current quota, please check your plan and billing details. For more information on this error, head to: https://ai.google.dev/gemini-api/docs/rate-limits. [violations {
}
, links {
  description: ""Learn more about Gemini API quotas""
  url: ""https://ai.google.dev/gemini-api/docs/rate-limits""
}
, retry_delay {
  seconds: 3
}
]","Unexpected error: 429 You exceeded your current quota, please check your plan and billing details. For more information on this error, head to: https://ai.google.dev/gemini-api/docs/rate-limits. [violations {
}
, links {
  description: ""Learn more about Gemini API quotas""
  url: ""https://ai.google.dev/gemini-api/docs/rate-limits""
}
, retry_delay {
  seconds: 1
}
]","Unexpected error: 429 You exceeded your current quota, please check your plan and billing details. For more information on this error, head to: https://ai.google.dev/gemini-api/docs/rate-limits. [violations {
}
, links {
  description: ""Learn more about Gemini API quotas""
  url: ""https://ai.google.dev/gemini-api/docs/rate-limits""
}
, retry_delay {
}
]","Unexpected error: 429 You exceeded your current quota, please check your plan and billing details. For more information on this error, head to: https://ai.google.dev/gemini-api/docs/rate-limits. [violations {
}
, links {
  description: ""Learn more about Gemini API quotas""
  url: ""https://ai.google.dev/gemini-api/docs/rate-limits""
}
, retry_delay {
  seconds: 58
}
]","Unexpected error: 429 You exceeded your current quota, please check your plan and billing details. For more information on this error, head to: https://ai.google.dev/gemini-api/docs/rate-limits. [violations {
}
, links {
  description: ""Learn more about Gemini API quotas""
  url: ""https://ai.google.dev/gemini-api/docs/rate-limits""
}
, retry_delay {
  seconds: 57
}
]"
tesla,"Unexpected error: 429 You exceeded your current quota, please check your plan and billing details. For more information on this error, head to: https://ai.google.dev/gemini-api/docs/rate-limits. [violations {
}
, links {
  description: ""Learn more about Gemini API quotas""
  url: ""https://ai.google.dev/gemini-api/docs/rate-limits""
}
, retry_delay {
  seconds: 56
}
]","Unexpected error: 429 You exceeded your current quota, please check your plan and billing details. For more information on this error, head to: https://ai.google.dev/gemini-api/docs/rate-limits. [violations {
}
, links {
  description: ""Learn more about Gemini API quotas""
  url: ""https://ai.google.dev/gemini-api/docs/rate-limits""
}
, retry_delay {
  seconds: 56
}
]","Unexpected error: 429 You exceeded your current quota, please check your plan and billing details. For more information on this error, head to: https://ai.google.dev/gemini-api/docs/rate-limits. [violations {
}
, links {
  description: ""Learn more about Gemini API quotas""
  url: ""https://ai.google.dev/gemini-api/docs/rate-limits""
}
, retry_delay {
  seconds: 56
}
]","Unexpected error: 429 You exceeded your current quota, please check your plan and billing details. For more information on this error, head to: https://ai.google.dev/gemini-api/docs/rate-limits. [violations {
}
, links {
  description: ""Learn more about Gemini API quotas""
  url: ""https://ai.google.dev/gemini-api/docs/rate-limits""
}
, retry_delay {
  seconds: 56
}
]","I am sorry, but I cannot provide information on the key executives or leadership team members based on the provided content.","Unexpected error: 429 You exceeded your current quota, please check your plan and billing details. For more information on this error, head to: https://ai.google.dev/gemini-api/docs/rate-limits. [violations {
}
, links {
  description: ""Learn more about Gemini API quotas""
  url: ""https://ai.google.dev/gemini-api/docs/rate-limits""
}
, retry_delay {
  seconds: 55
}
]"
dropbox,"Dropbox's mission is to design a more enlightened way of working and help people stay organized, focused, and in sync with their teams. They value customer trust, data privacy, security, responsibility, and ethical business conduct.","Dropbox offers cloud storage, file sharing, file backup, password management, file transfer, PDF editing, electronic signatures, and collaboration tools. They also provide specialized solutions for various industries like media, manufacturing, construction, education, and professional services. Key products include Dropbox, Dropbox Sign, DocSend, and Dropbox Dash.",Dropbox was founded in 2007 by Drew Houston and Arash Ferdowsi (not mentioned in the provided documents).,"San Francisco, CA.","*   **Drew Houston:** Co-founder and CEO
*   **Saman Asheer:** Chief Communications Officer
*   **Melanie Rosenwasser:** Chief People Officer
*   **Tim Regan:** Chief Financial Officer
*   **Bart Volkmer:** Chief Legal Officer
*   **Eric Cox:** Chief Customer Officer","Yes, Dropbox has received Editors’ Choice Awards from the Google Play and Apple App Store."
hmgroup,"H&M Group's business idea is to offer fashion and quality at the best price in a sustainable way. Their shared values, guiding the company since 1947, are:

*   We are one team
*   We believe in people
*   We are entrepreneurs
*   We make constant improvement
*   We are cost-conscious
*   We are straightforward and open-minded
*   We keep it simple","H&M Group offers clothing, accessories, footwear, cosmetics, home textiles, homeware and other products through its brands: H&M, COS, Weekday, Cheap Monday, Monki, & Other Stories, ARKET, Singular Society and Sellpy.","The first store opened in 1947 in Västerås, Sweden, by Erling Persson, who had a vision to make great fashion available to everyone. However, the H&M Group (Hennes & Mauritz) was established later, after the acquisition of Mauritz Widforss in 1968.","Stockholm, Sweden.","Unexpected error: 429 You exceeded your current quota, please check your plan and billing details. For more information on this error, head to: https://ai.google.dev/gemini-api/docs/rate-limits. [violations {
}
, links {
  description: ""Learn more about Gemini API quotas""
  url: ""https://ai.google.dev/gemini-api/docs/rate-limits""
}
, retry_delay {
  seconds: 28
}
]","Unexpected error: 429 You exceeded your current quota, please check your plan and billing details. For more information on this error, head to: https://ai.google.dev/gemini-api/docs/rate-limits. [violations {
}
, links {
  description: ""Learn more about Gemini API quotas""
  url: ""https://ai.google.dev/gemini-api/docs/rate-limits""
}
, retry_delay {
  seconds: 27
}
]"
